Word,Pronunciation,Morphology,Frequency,Category
lithe,L AY1 DH,(lithe)[A],136457,most-beautiful
vestige,V EH1 S T IH0 JH,(vestige)[N],135247,most-beautiful
nemesis,N EH1 M AH0 S IH0 S,(nemesis)[N],1338430,most-beautiful
inure,IH0 N Y UH1 R,(inure)[V],123230,most-beautiful
imbue,IH0 M B Y UW1, (imbue)[V],105790,most-beautiful
demure,D IH0 M Y UH1 R,(demure)[A],140535,most-beautiful
plethora,P L EH1 TH ER0 AH0,(plethora)[N],863504,most-beautiful
umbrella,AH0 M B R EH1 L AH0,(umbrella)[N],4228381,most-beautiful
waft,W AA1 F T,(waft)[V],68267,most-beautiful
penumbra,P IH0 N AH1 M B R AH0,(penumbra)[N],219833,most-beautiful
panoply,P AE1 N AA0 P L IY0,(panoply)[N],112541,most-beautiful
comely,K AH1 M L IY0,(comely)[A],145205,most-beautiful
panacea,P AE2 N AH0 S IY1 AH0,(panacea)[N],403057,most-beautiful
quintessential,K W IH2 N T IH0 S EH1 N SH AH0 L,"((quintessence)[N],(al)[A|N.])[A]",646452,most-beautiful
ethereal,IH0 TH IH1 R IY0 AH0 L,"((ether)[N],(al)[A|N.])[A]",2941717,most-beautiful
elixir,IH0 L IH1 K S ER0,(elixir)[N],894100,most-beautiful
effervescent,EH2 F ER0 V EH1 S AH0 N T,"((effervesce)[V],(ent)[A|V.])[A]",221263,most-beautiful
pastiche,P AE2 S T IY1 SH,(pastiche)[V|N],132740,most-beautiful
furtive,F ER1 T IH0 V,(furtive)[A],117858,most-beautiful
halcyon,HH AE1 L S IY0 AH0 N,(halcyon)[A],444928,most-beautiful
glamour,G L AE1 M ER0,(glamour)[N],3176702,most-beautiful
redolent,R EH1 D AH0 L AH0 N T,(redolent)[A],74593,most-beautiful
erstwhile,ER1 S T W AY2 L,(erstwhile)[A],269962,most-beautiful
dalliance,D AE1 L IY0 AH0 N S,"((dally)[V],(ance)[N|V.])[N]",54971,most-beautiful
beleaguer,B IH0 L IY1 G ER0,(beleaguer)[V],7388,most-beautiful
fetching,F EH1 CH IH0 NG,((fetching)[V])[A],793749,most-beautiful
ailurophile,EY0 L UH1 R AH0 F AY0 L,"((ailuro)[N|.x],(phile)[N|x.])[N]",8928,most-beautiful
scintilla,S IH0 N T IH1 L AH0,(scintilla)[N],191607,most-beautiful
leisure,L EH1 ZH ER0,(leisure)[N],23133305,most-beautiful
denouement,D EY2 N UW2 M AA1 N,(denouement)[N],93722,most-beautiful
imbroglio,IH0 M B R OW1 L Y OW0,(imbroglio)[N],103879,most-beautiful
fluke,F L UW1 K,(fluke)[N],1170271,most-beautiful
ineffable,IH0 N EH1 F AH0 B AH0 L,"((in)[A|.A],(effable)[A])[A]",156546,most-beautiful
pyrrhic,P IH1 R IH0 K,"((pyrrh)[N],(ic)[A|N.])[A]",44253,most-beautiful
talisman,T AE1 L IH0 S M AH0 N,(talisman)[N],734274,most-beautiful
untoward,AH0 N T UW0 AO1 R D,"((un)[A|.P],((to)[P],(ward)[P|P.])[P])[A]",156434,most-beautiful
diaphanous,D AY0 AE1 F AH0 N IH0 S,(diaphanous)[A],46331,most-beautiful
serendipity,S EH2 R AH0 N D IH1 P IH0 T IY0,(serendipity)[N],830568,most-beautiful
murmur,M ER1 M ER0,(murmur)[V],472146,most-beautiful
incipient,IH0 N S IH1 P IY0 AH0 N T,(incipient)[A|N],274365,most-beautiful
assemblage,AH0 S EH1 M B L AH0 JH,"((assemble)[V],(age)[N|V.])[N]",625379,most-beautiful
ebullient,IH0 B AH1 L Y AH0 N T,(ebullient)[A],71077,most-beautiful
brood,B R UW1 D,(((brood)[V])[N])[A],1042305,most-beautiful
evanescent,EH2 V AH0 N EH1 S AH0 N T,"((evanesce)[V],(ent)[A|V.])[A]",111258,most-beautiful
lagoon,L AH0 G UW1 N,(lagoon)[N],2689624,most-beautiful
conflate,K AH0 N F L EY1 T,(conflate)[V],50342,most-beautiful
dulcet,D AH1 L S AH0 T,(dulcet)[A],41914,most-beautiful
bucolic,B Y UW0 K AA1 L IH0 K,(bucolic)[A],103112,most-beautiful
inglenook,IH1 NG G AH0 L N UH2 K,(inglenook)[N],50894,most-beautiful
becoming,B IH0 K AH1 M IH0 NG,((becoming)[V])[A],22490270,most-beautiful
esculent,EH0 S K UW1 L AH0 N T,(esculent)[A],7415,most-beautiful
ephemeral,IH0 F EH1 M ER0 AH0 L,"((ephemera)[N],(al),(al)[A|N.])[A]",516621,most-beautiful
luxuriant,L AH0 G ZH ER1 IY0 AH0 N T,"(((luxury)[N],(ate)[V|N.P],(in)[P])[V],(ant)[A|V.])[A]",153083,most-beautiful
felicitous,F IH0 L IH1 S AH0 T AH0 S,"((felicity)[N],(ous)[A|N.])[A]",84940,most-beautiful
eloquence,EH1 L AH0 K W AH0 N S,"((eloquent)[A],(ence)[N|A.])[N]",463373,most-beautiful
forbearance,F AO0 R B EH1 R AH0 N S,"((forbear)[V],(ance)[N|V.])[N]",335006,most-beautiful
desultory,D EH1 S AH0 L T AO2 R IY0,(desultory)[A],73423,most-beautiful
ripple,R IH1 P AH0 L,(ripple)[V],1198877,most-beautiful
offing,AO1 F IH0 NG,"((off)[B],(ing)[N|B.])[N]",154728,most-beautiful
wherewithal,W EH1 R W IH0 DH AO2 L,"((where)[B],((with)[P],(all)[O])[B])[N]",138182,most-beautiful
ingenue,IH0 N JH EH1 N Y UW0,(ingenue)[N],51427,most-beautiful
gossamer,G AA1 S AH0 M ER0,(gossamer)[N|A],517806,most-beautiful
opulent,AA1 P Y AH0 L AH0 N T,(opulent)[A],346683,most-beautiful
sumptuous,S AH1 M P CH W AH0 S,(sumptuous)[A],659016,most-beautiful
epiphany,IH0 P IH1 F AH0 N IY0,(epiphany)[N],1070655,most-beautiful
bungalow,B AH1 NG G AH0 L OW2,(bungalow)[N],1802977,most-beautiful
dissemble,D IH0 S EH1 M B AH0 L,(dissemble)[V],37920,most-beautiful
insouciance,IH0 N S UW1 S IY0 AH0 N S,"((insouciant)[A],(ance)[N|A.])[N]",27716,most-beautiful
surreptitious,S ER2 AH0 P T IH1 SH AH0 S,(surreptitious)[A],94001,most-beautiful
lilt,L IH1 L T,(lilt)[V],84283,most-beautiful
evocative,IH0 V AA1 K AH0 T IH0 V,"(((evoke)[V],(ation)[N|V.])[N],(ive)[A|N.])[A]",572125,most-beautiful
symbiosis,S IH2 M B AY0 OW1 S AH0 S,(symbiosis)[N],299212,most-beautiful
aestivate,EH1 S T IH0 V EY2 T,(aestivate)[V],2494,most-beautiful
billet-doux,B IH1 L EY0 D UW1,(billet-doux)[N],0,most-beautiful
chatoyant,SH AH0 T OY1 AH0 N T,(chatoyant)[A],7633,most-beautiful
cynosure,S AY1 N AH0 SH UH2 R,(cynosure)[N],59288,most-beautiful
demesne,D IH0 M EY1 N,(demesne)[N],68748,most-beautiful
desuetude,D EH0 S W1 IH0 T UW2 D,(desuetude)[N],11770,most-beautiful
efflorescence,EH1 F L AO2 R EH0 S EH0 N S,"(((effloresce)[V],(ent)[A|V.])[A],(ence)[N|A.])[N]",43038,most-beautiful
elision,EH0 L IH1 ZH AH0 N,"((elide)[V],(ion)[N|V.])[N]",37999,most-beautiful
embrocation,EH0 M B R AH0 K EY1 SH AH0 N,"((embrocate)[V],(ion)[N|V.])[N]",17564,most-beautiful
emollient,EH0 M AA1 L Y EH0 N T,((emollient)[A])[N],142479,most-beautiful
fugacious,F Y UH0 G EY1 SH AH0 S,(fugacious)[A],3115,most-beautiful
gambol,G AE1 M B OW0 L,(gambol)[V],40000,most-beautiful
imbrication,IH0 M B R IH0 K AE1 SH AH0 N,"((imbricate)[V],(tion)[N|V.])[N]",11912,most-beautiful
lagniappe,L AE1 N Y AE0 P,(lagniappe)[N],87392,most-beautiful
languor,L AE1 NG G AH0 R,(languor)[N],51168,most-beautiful
lassitude,L AE1 S IH0 T UW2 D,(lassitude)[N],43169,most-beautiful
lissome,L IH1 S AH0 M,(lissome)[A],8701,most-beautiful
mellifluous,M EH0 L IH1 F L UW0 AH2 S,(mellifluous)[A],43190,most-beautiful
moiety,M OY1 IH0 T IY0,(moiety)[N],277259,most-beautiful
mondegreen,M AO1 N D IH0 G R IY2 N,(mondegreen)[N],10159,most-beautiful
niveous,N IH0 V IY1 AH0 S,(niveous)[A],1424,most-beautiful
odalisque,OW1 D AH0 L IH0 S K,(odalisque)[N],28282,most-beautiful
onomatopoeia,AA2 N AH0 M AE0 T AH0 P IY1 AH0,(onomatopoeia)[N],57555,most-beautiful
palimpsest,P AE1 L IH0 M P S EH0 S T,(palimpsest)[N],85029,most-beautiful
peccadillo,P EH1 K AH0 D IH2 L OW0,(peccadillo)[N],15190,most-beautiful
petrichor,P EH1 T R IH0 K AH2 R,(petrichor)[N],7246,most-beautiful
propinquity,P R AH0 P IH1 NG K W IH0 T IY0,(propinquity)[N],18283,most-beautiful
ratatouille,R AE0 T AH0 T UW1 IY0,(ratatouille)[N],57955,most-beautiful
riparian,R IH0 P AE1 R IY0 AH0 N,(riparian)[A],1581501,most-beautiful
sempiternal,S EH0 M P IH0 T ER1 N AH0 L,(sempiternal)[A],6332,most-beautiful
seraglio,S EH0 R AE1 L Y OW0,(seraglio)[N],46976,most-beautiful
sussurous,S UH1 S Y AH0 R AH0 S,"((sussur)[N],(ous)[A|N.])[A]",0,most-beautiful
tintinnabulation,T IH0 T IH0 N AE2 B Y UW0 L EY1 SH AH0 N,"((tintinnabulum)[N],(ation)[N|N.])[N]",4463,most-beautiful
umbrageous,AH0 M B R EY1 JH AH0 S,(umbrageous)[A],5222,most-beautiful
viridescent,V IY2 R IH0 D EH1 S AH0 N T,(viridescent)[A],898,most-beautiful
poem,P OW1 AH0 M,(poem)[N],8910539,regular
alight,AH0 L AY1 T,"((a)[A|.V],((light)[N])[V])[A]; ((a)[A|.N],(light)[N])[A]",264372,regular
reparation,R EH2 P ER0 EY1 SH AH0 N,"((repair)[V],(ation)[N|V.])[N]",321496,regular
buzz,B AH1 Z,(buzz)[V],7891304,regular
poke,P OW1 K,(poke)[V],1491296,regular
repetition,R EH2 P AH0 T IH1 SH AH0 N,"((repeat)[V],(ition)[N|V.])[N]",1929109,regular
sax,S AE1 K S,(sax)[N],2831329,regular
silt,S IH1 L T,(silt)[N],1057793,regular
simmer,S IH1 M ER0,(simmer)[V],1059011,regular
heat,HH IY1 T,((heat)[N])[V],39974452,regular
absentee,AE2 B S AH0 N T IY1,"((absent)[A],(ee)[N|A.])[N]",1238718,regular
leapfrog,L IY1 P F R AO2 G,"((leap)[V],(frog)[N])[N]",869164,regular
calibrate,K AE1 L AH0 B R EY2 T,"((calibre)[N],(ate)[V|N.])[V]",633205,regular
schoolboy,S K UW1 L B OY2,"((school)[N],(boy)[N])[N]",301768,regular
upstream,AH1 P S T R IY1 M,"((((up)[B])[P],(stream)[N])[B])[A]",4463399,regular
conscription,K AH0 N S K R IH1 P SH AH0 N,"((conscript)[V],(ion)[N|V.])[N]",246748,regular
intuition,IH2 N T UW0 IH1 SH AH0 N,"((intuit)[V],(ion)[N|V.])[N]",1783709,regular
morphine,M AO1 R F IY0 N,"((morphia)[N],(ine)[N|N.])[N]",1284519,regular
marketplace,M AA1 R K AH0 T P L EY2 S,"((market)[N],(place)[N])[N]",25711241,regular
animosity,AE2 N AH0 M AA1 S AH0 T IY0,"((animus)[N],(ity)[N|N.])[N]",351707,regular
can,K AE1 N,((can)[N])[V],1242330385,regular
togs,T AA1 G Z,"((tog up)[V],(s)[N|V.])[N]; ((tog out)[V],(s)[N|V.])[N]",132839,regular
tomato,T AH0 M EY1 T OW2,(tomato)[N],5633326,regular
mouthful,M AW1 TH F UH2 L,"((mouth)[N],(ful)[N|N.])[N]",430539,regular
dance,D AE1 N S,(dance)[V],51167810,regular
bole,B OW1 L,(bole)[N],160649,regular
gout,G AW1 T,(gout)[N],744794,regular
revelry,R EH1 V AH0 L R IY0,"(((revel)[V])[N],(ry)[N|N.])[N]; ((revel)[V],(ry)[N|V.])[N]",134044,regular
cleave,K L IY1 V,(cleave)[V],413105,regular
omission,OW0 M IH1 SH AH0 N,"((omit)[V],(ion)[N|V.])[N]",1944930,regular
ease,IY1 Z,((ease)[N])[V],13977690,regular
anyhow,EH1 N IY0 HH AW2,"((any)[O],(how)[B])[B]",1529175,regular
boathouse,B OW1 T HH AW1 S,"((boat)[N],(house)[N])[N]",326373,regular
mundane,M AH0 N D EY1 N,(mundane)[A],1132496,regular
steamy,S T IY1 M IY0,"((steam)[N],(y)[A|N.])[A]",602955,regular
secretarial,S EH2 K R AH0 T EH1 R IY0 AH0 L,"((secretary)[N],(al)[A|N.])[A]",2095099,regular
sectarian,S EH0 K T EH1 R IY0 AH0 N,"((sect)[N],(arian)[A|N.])[A]",667646,regular
tower,T AW1 ER0,((tower)[N])[V],20687654,regular
conversion,K AH0 N V ER1 ZH AH0 N,"((convert)[V],(ion)[N|V.])[N]",26552700,regular
rook,R UH1 K,((rook)[N])[V],592973,regular
fasten,F AE1 S AH0 N,"((fast)[A],(en)[V|A.])[V]",577740,regular
hitherto,HH IH1 DH ER2 T UW1,"((hither)[B],(to)[P])[B]",910900,regular
incredible,IH0 N K R EH1 D AH0 B AH0 L,"((in)[A|.A],(credible)[A])[A]",11269907,regular
oratorical,AO2 R AH0 T AO1 R AH0 K AH0 L,"(((orate)[V],(or)[N|V.])[N],(ical)[A|N.])[A]",56011,regular
divisive,D IH0 V AY1 S IH0 V,"(((divide)[V],(ion)[N|V.])[N],(ive)[A|N.])[A]",469452,regular
trample,T R AE1 M P AH0 L,"(((tramp)[V],(le)[V|V.])[V])[N]",527795,regular
felony,F EH1 L AH0 N IY0,"((felon)[N],(y)[N|N.])[N]",2828329,regular
joyful,JH OY1 F AH0 L,"((joy)[N],(ful)[A|N.])[A]",1201131,regular
entrant,EH1 N T R AH0 N T,"((enter)[V],(ant)[N|V.])[N]",670173,regular
alcohol,AE1 L K AH0 HH AA2 L,(alcohol)[N],25062082,regular
catchy,K AE1 CH IY0,"((catch)[V],(y)[A|V.])[A]",1141866,regular
straddle,S T R AE1 D AH0 L,(straddle)[V],289396,regular
crackpot,K R AE1 K P AA2 T,"((crack)[V],(pot)[N])[A]",137257,regular
rapt,R AE1 P T,(rapt)[A],171589,regular
technology,T EH0 K N AA1 L AH0 JH IY0,"((techno)[N|.x],(ology)[N|x.])[N]",238680802,regular
strangulate,S T R AE1 NG G Y AH0 L EY2 T,"((strangle)[V],(ate)[V|V.])[V]",3372,regular
soar,S AO1 R,(soar)[V],1730435,regular
sob,S AA1 B,(sob)[V],800059,regular
afloat,AH0 F L OW1 T,"(((a)[A|.V],(float)[V])[A])[B]; (((a)[A|.N],((float)[V])[N])[A])[B]",652557,regular
feverish,F IY1 V ER0 IH0 SH,"((fever)[N],(ish)[A|N.])[A]",243280,regular
furry,F ER1 IY0,"((fur)[N],(y)[A|N.])[A]",1887605,regular
caustic,K AA1 S T IH0 K,((caustic)[A])[N],592242,regular
doorway,D AO1 R W EY2,"((door)[N],(way)[N])[N]",1573724,regular
trenchant,T R EH1 N CH AH0 N T,"(((trench)[N])[V],(ant)[A|V.])[A]",96761,regular
nephew,N EH1 F Y UW0,(nephew)[N],1851122,regular
oxcart,AA1 K S K AA2 R T,"((ox)[N],(cart)[N])[N]",18607,regular
inference,IH1 N F ER0 AH0 N S,"((infer)[V],(ence)[N|V.])[N]",2743712,regular
yellow,Y EH1 L OW0,(yellow)[A],82029392,regular
tricky,T R IH1 K IY0,"(((trick)[V])[N],(y)[A|N.])[A]",2350950,regular
broaden,B R AO1 D AH0 N,"((broad)[A],(en)[V|A.])[V]",1565925,regular
triplet,T R IH1 P L AH0 T,"((triple)[A],(let)[N|A.])[N]; ((triple)[A],(et)[N|A.])[N]",614816,regular
rumble,R AH1 M B AH0 L,(rumble)[V],1877484,regular
dram,D R AE1 M,(dram)[N],1679051,regular
middle,M IH1 D AH0 L,(((middle)[A])[N])[V],70166019,regular
haberdashery,HH AE1 B ER0 D AE2 SH ER0 IY0,"((haberdasher)[N],(ery)[N|N.])[N]",106453,regular
recovery,R IH0 K AH1 V R IY0,"((recover)[V],(ery)[N|V.])[N]",37645420,regular
runway,R AH1 N W EY2,"((run)[V],(way)[N])[N]; (((run)[V])[N],(way)[N])[N]",2901827,regular
panama,P AE1 N AH0 M AA2,(panama)[N],10953110,regular
firework,F AY1 R W ER2 K,"((fire)[N],((work)[V])[N])[N]",374840,regular
crack,K R AE1 K,(((crack)[V])[N])[A],16639894,regular
hailstorm,HH EY1 L S T AO2 R M,"((hail)[N],(storm)[N])[N]",103779,regular
migratory,M AY1 G R AH0 T AO2 R IY0,"(((migrate)[V],(ion)[N|V.])[N],(ory)[A|N.])[A]",1324637,regular
waist,W EY1 S T,(waist)[N],5013500,regular
beset,B IH0 S EH1 T,"((be)[V|.V],(set)[V])[V]",375333,regular
astrology,AH0 S T R AA1 L AH0 JH IY0,"((astro)[N|.x],(ology)[N|x.])[N]",6279697,regular
succumb,S AH0 K AH1 M,(succumb)[V],370914,regular
nomadic,N OW0 M AE1 D IH0 K,"((nomad)[N],(ic)[A|N.])[A]",694715,regular
paraffin,P EH1 R AH0 F AH0 N,(paraffin)[N],701612,regular
digestible,D AY0 JH EH1 S T AH0 B AH0 L,"((digest)[V],(ible)[A|V.])[A]",206616,regular
suggestible,S AH0 G JH EH1 S T AH0 B AH0 L,"((suggest)[V],(ible)[A|V.])[A]",21150,regular
normalcy,N AO1 R M AH0 L S IY0,"(((norm)[N],(al)[A|N.])[A],(cy)[N|A.])[N]",226309,regular
insensible,IH0 N S EH1 N S AH0 B AH0 L,"((in)[A|.A],((sense)[N],(ible)[A|N.])[A])[A]",102037,regular
turnip,T ER1 N AH0 P,(turnip)[N],328276,regular
ambiguity,AE2 M B IH0 G Y UW1 AH0 T IY0,"((ambiguous)[A],(ity)[N|A.])[N]",1584695,regular
excess,EH1 K S EH2 S,((excess)[N])[A],17152900,regular
insoluble,IH0 N S AA1 L Y AH0 B AH0 L,"((in)[A|.A],(soluble)[A])[A]",539192,regular
parliament,P AA1 R L AH0 M AH0 N T,(parliament)[N],16290285,regular
watt,W AA1 T,(watt)[N],8079253,regular
harness,HH AA1 R N AH0 S,((harness)[N])[V],4745215,regular
executive,IH0 G Z EH1 K Y AH0 T IH0 V,"(((execute)[V],(ion)[N|V.])[N],(ive)[A|N.])[A]",73015739,regular
croon,K R UW1 N,(croon)[V],67142,regular
mailman,M EY1 L M AE2 N,"((mail)[N],(man)[N])[N]",5266389,regular
hatch,HH AE1 CH,(hatch)[V],3897926,regular
crowd,K R AW1 D,((crowd)[N])[V],11409218,regular
ambitious,AE0 M B IH1 SH AH0 S,"((ambition)[N],(ous)[A|N.])[A]",3292680,regular
splint,S P L IH1 N T,(splint)[N],396055,regular
prowess,P R AW1 AH0 S,(prowess)[N],665484,regular
